[{"model": "contenttypes.contenttype", "pk": 1, "fields": {"app_label": "admin", "model": "logentry"}}, {"model": "contenttypes.contenttype", "pk": 2, "fields": {"app_label": "auth", "model": "permission"}}, {"model": "contenttypes.contenttype", "pk": 3, "fields": {"app_label": "auth", "model": "user"}}, {"model": "contenttypes.contenttype", "pk": 4, "fields": {"app_label": "auth", "model": "group"}}, {"model": "contenttypes.contenttype", "pk": 5, "fields": {"app_label": "contenttypes", "model": "contenttype"}}, {"model": "contenttypes.contenttype", "pk": 6, "fields": {"app_label": "sessions", "model": "session"}}, {"model": "contenttypes.contenttype", "pk": 7, "fields": {"app_label": "social_django", "model": "nonce"}}, {"model": "contenttypes.contenttype", "pk": 8, "fields": {"app_label": "social_django", "model": "code"}}, {"model": "contenttypes.contenttype", "pk": 9, "fields": {"app_label": "social_django", "model": "usersocialauth"}}, {"model": "contenttypes.contenttype", "pk": 10, "fields": {"app_label": "social_django", "model": "association"}}, {"model": "contenttypes.contenttype", "pk": 11, "fields": {"app_label": "social_django", "model": "partial"}}, {"model": "contenttypes.contenttype", "pk": 12, "fields": {"app_label": "jobs", "model": "company"}}, {"model": "contenttypes.contenttype", "pk": 15, "fields": {"app_label": "jobs", "model": "position"}}, {"model": "contenttypes.contenttype", "pk": 16, "fields": {"app_label": "jobs", "model": "comment"}}, {"model": "contenttypes.contenttype", "pk": 17, "fields": {"app_label": "jobs", "model": "experience"}}, {"model": "contenttypes.contenttype", "pk": 18, "fields": {"app_label": "jobs", "model": "board"}}, {"model": "contenttypes.contenttype", "pk": 19, "fields": {"app_label": "users", "model": "account"}}, {"model": "contenttypes.contenttype", "pk": 20, "fields": {"app_label": "jobs", "model": "comment_user"}}, {"model": "contenttypes.contenttype", "pk": 21, "fields": {"app_label": "jobs", "model": "savedjobs"}}, {"model": "contenttypes.contenttype", "pk": 22, "fields": {"app_label": "jobs", "model": "application"}}, {"model": "sessions.session", "pk": "0xq6ajuseccom86oyr682iimnmpiafth", "fields": {"session_data": "MTIwZTRmNDU0NTE3Mjk0ZGFkYjZkN2VlZWUxZjM0N2RiYWZmMDhjMTp7InNvY2lhbF9hdXRoX2xhc3RfbG9naW5fYmFja2VuZCI6ImxpbmtlZGluLW9hdXRoMiIsIl9hdXRoX3VzZXJfYmFja2VuZCI6InNvY2lhbF9jb3JlLmJhY2tlbmRzLmxpbmtlZGluLkxpbmtlZGluT0F1dGgyIiwiX2F1dGhfdXNlcl9oYXNoIjoiOTUxNjg3MjRmMDgzOWQyYTVkYThmNjRlZDcxNTk4NDNkOGUzYTc5YyIsImxpbmtlZGluLW9hdXRoMl9zdGF0ZSI6InRSU2hRbkZCUmNXTmpzSzJXTnhiZmF0OGVlWEI1bHJkIiwiX2F1dGhfdXNlcl9pZCI6IjUifQ==", "expire_date": "2017-09-24T19:41:35.931Z"}}, {"model": "sessions.session", "pk": "4nfhte2upeavy7hn0vuqz6z3ft7v471x", "fields": {"session_data": "ZDA4NDQ3M2U0MWU4YzNjNGQ1ODA0OTE4NDdhNTcwYjhhNjhkYTFmMDp7InNvY2lhbF9hdXRoX2xhc3RfbG9naW5fYmFja2VuZCI6ImxpbmtlZGluLW9hdXRoMiIsIl9hdXRoX3VzZXJfYmFja2VuZCI6InNvY2lhbF9jb3JlLmJhY2tlbmRzLmxpbmtlZGluLkxpbmtlZGluT0F1dGgyIiwiX2F1dGhfdXNlcl9oYXNoIjoiOTUxNjg3MjRmMDgzOWQyYTVkYThmNjRlZDcxNTk4NDNkOGUzYTc5YyIsImxpbmtlZGluLW9hdXRoMl9zdGF0ZSI6ImpKbUhlQ3NZaVJiZGtpTXNDdGljYkJTb0x4T3J3Nmc1IiwiX2F1dGhfdXNlcl9pZCI6IjUifQ==", "expire_date": "2017-09-29T20:50:12.765Z"}}, {"model": "sessions.session", "pk": "5rh1n3btb8savwl3tdo96d0uzjlliy97", "fields": {"session_data": "OTlmNWVlNDA2NDgzNDE5YmYxMWY3NGI1OTdmMjViNzA2ZTU0MTM4Yjp7Il9hdXRoX3VzZXJfaGFzaCI6IjNhNzA0OWNlMWE1NjdjYzFjNzc3YzRjMDk1OGNmNGU1ZjliYzZmYmQiLCJfYXV0aF91c2VyX2JhY2tlbmQiOiJkamFuZ28uY29udHJpYi5hdXRoLmJhY2tlbmRzLk1vZGVsQmFja2VuZCIsIl9hdXRoX3VzZXJfaWQiOiIyIn0=", "expire_date": "2017-06-14T16:00:18.592Z"}}, {"model": "sessions.session", "pk": "d23ugnhh5pdf36bn5kdb98i6uaka47x8", "fields": {"session_data": "ZGNkYzVlNWI2ZWRhYjY1N2NkNDczNGQ0ZjMxNDNjMzExMjA4MTQ2ZDp7Il9hdXRoX3VzZXJfaGFzaCI6IjY2NTNjZDZhNzY4NDQwYjAxOGE3YjVkMjUwNDQ4ODk1MGFjYzFiNDgiLCJfYXV0aF91c2VyX2JhY2tlbmQiOiJkamFuZ28uY29udHJpYi5hdXRoLmJhY2tlbmRzLk1vZGVsQmFja2VuZCIsIl9hdXRoX3VzZXJfaWQiOiIzIn0=", "expire_date": "2017-07-02T23:58:10.597Z"}}, {"model": "sessions.session", "pk": "ehdryzafbyvevqafc0xbg1hvepax5qbe", "fields": {"session_data": "ODZkYzI5M2I5MTE5MmRkZmM0ZmE4ZDU2NTJhYzMyZmViMDM2ZDkxNTp7ImxpbmtlZGluLW9hdXRoMl9zdGF0ZSI6Im5BZk9BYmZqMnJkdDY1NTNNQnIzZnFZNjdIQnZ1NjNWIn0=", "expire_date": "2017-09-03T19:05:28.247Z"}}, {"model": "sessions.session", "pk": "h6da69pxrnotakrjw17c9tgjaeb1cqfp", "fields": {"session_data": "ZjFmODcxZTA1ZTRmYmViNTZjMTAzZWJhZTI0ODcxY2IxY2NiN2EwZjp7Il9hdXRoX3VzZXJfaGFzaCI6IjQ5ZGY1MWFmYzVhZjJjZDFmNDVhNDU0NTY1OTE5MmRjNGI2NzUyNWMiLCJfYXV0aF91c2VyX2JhY2tlbmQiOiJkamFuZ28uY29udHJpYi5hdXRoLmJhY2tlbmRzLk1vZGVsQmFja2VuZCIsIl9hdXRoX3VzZXJfaWQiOiI0In0=", "expire_date": "2017-08-22T00:35:17.133Z"}}, {"model": "sessions.session", "pk": "mwoxml4wkgur7zxmec2f0bbf46odm0hn", "fields": {"session_data": "ZjFmODcxZTA1ZTRmYmViNTZjMTAzZWJhZTI0ODcxY2IxY2NiN2EwZjp7Il9hdXRoX3VzZXJfaGFzaCI6IjQ5ZGY1MWFmYzVhZjJjZDFmNDVhNDU0NTY1OTE5MmRjNGI2NzUyNWMiLCJfYXV0aF91c2VyX2JhY2tlbmQiOiJkamFuZ28uY29udHJpYi5hdXRoLmJhY2tlbmRzLk1vZGVsQmFja2VuZCIsIl9hdXRoX3VzZXJfaWQiOiI0In0=", "expire_date": "2017-07-19T00:59:03.647Z"}}, {"model": "sessions.session", "pk": "tm98fpfe2f4ck0g3tojhmjcjobssej6h", "fields": {"session_data": "MDI0ZTNkOTA3ZDBkMDdhYmM5ZDQ0OGJhYjRhYmVjMjdmNjAxYjEyYjp7ImZhY2Vib29rX3N0YXRlIjoianp1UUtLcTZOeVZLalhmWXNrYXVCOE1lbUhkOWlsVmMiLCJzb2NpYWxfYXV0aF9sYXN0X2xvZ2luX2JhY2tlbmQiOiJmYWNlYm9vayIsIl9hdXRoX3VzZXJfaGFzaCI6IjQ1MTZlMzI2YTc2ZTM1ZjdhYzdlYWI4ODM5YzRlMmUyZGM2ZDgzOGMiLCJfYXV0aF91c2VyX2JhY2tlbmQiOiJzb2NpYWxfY29yZS5iYWNrZW5kcy5mYWNlYm9vay5GYWNlYm9va09BdXRoMiIsIl9hdXRoX3VzZXJfaWQiOiIxIn0=", "expire_date": "2017-06-04T04:42:30.173Z"}}, {"model": "sessions.session", "pk": "v7rljg5kvj2ne14gu0fp6gv42yc2u5k2", "fields": {"session_data": "ZDMyN2M5MWRjNGZhMGJhYzA3ZDIyNDQ4MjE5NTQzM2ZhN2YzYTEwODp7InNvY2lhbF9hdXRoX2xhc3RfbG9naW5fYmFja2VuZCI6ImxpbmtlZGluLW9hdXRoMiIsIl9hdXRoX3VzZXJfYmFja2VuZCI6InNvY2lhbF9jb3JlLmJhY2tlbmRzLmxpbmtlZGluLkxpbmtlZGluT0F1dGgyIiwiX2F1dGhfdXNlcl9oYXNoIjoiOTUxNjg3MjRmMDgzOWQyYTVkYThmNjRlZDcxNTk4NDNkOGUzYTc5YyIsImxpbmtlZGluLW9hdXRoMl9zdGF0ZSI6ImJlM09ZNm5LclBVUkt3VXVSbTlqUzBnWkpNVnJyZ09RIiwiX2F1dGhfdXNlcl9pZCI6IjUifQ==", "expire_date": "2017-10-02T19:18:53.333Z"}}, {"model": "jobs.company", "pk": 1, "fields": {"name": "AppNexus", "description": "Independent digital ad exchange taking on the likes of Google", "website": "http://appnexus.com", "email_domain": "appnexus.com", "logo": "images/positions/AppNexus.png", "color": "F68721"}}, {"model": "jobs.company", "pk": 2, "fields": {"name": "Facebook", "description": "A social network", "website": "http://facebook.com", "email_domain": "facebook.com", "logo": "images/positions/Facebook.png", "color": "3B5998"}}, {"model": "jobs.experience", "pk": 1, "fields": {"name": "Entry Level"}}, {"model": "jobs.experience", "pk": 2, "fields": {"name": "1-4 Years"}}, {"model": "jobs.experience", "pk": 3, "fields": {"name": "5-8 Years"}}, {"model": "jobs.position", "pk": 9, "fields": {"company": 1, "experience": 2, "board": 1, "created_on": "2017-06-27T21:16:17.815Z", "indeed_id": "ee90165a01ff6e9a", "job_title": "Test Indeed", "description": "", "url": "", "city": "", "state": ""}}, {"model": "jobs.position", "pk": 10, "fields": {"company": 1, "experience": 2, "board": 1, "created_on": "2017-06-27T21:16:17.815Z", "indeed_id": "", "job_title": "Test No Indeed", "description": "JeeepJeeeeep", "url": "www.jeep.com", "city": "JeeepJeeeeep", "state": "JeeepJeeeeep"}}, {"model": "jobs.position", "pk": 11, "fields": {"company": 2, "experience": 2, "board": 1, "created_on": "2017-06-27T21:16:17.815Z", "indeed_id": "32049baff7d604aa", "job_title": "Growth Product Marketing Manager", "description": "Butt", "url": "https://www.indeed.com/rc/clk?jk=32049baff7d604aa&fccid=1639254ea84748b5", "city": "New York", "state": "NY"}}, {"model": "jobs.position", "pk": 13, "fields": {"company": 1, "experience": 1, "board": 1, "created_on": "2017-07-05T00:59:43.110Z", "indeed_id": "", "job_title": "", "description": "Blink", "url": "", "city": "", "state": ""}}, {"model": "jobs.position", "pk": 14, "fields": {"company": 1, "experience": 1, "board": 1, "created_on": "2017-07-05T01:00:01.351Z", "indeed_id": "", "job_title": "", "description": "Blink", "url": "", "city": "", "state": ""}}, {"model": "jobs.position", "pk": 15, "fields": {"company": 2, "experience": 2, "board": 1, "created_on": "2017-07-05T01:00:38.918Z", "indeed_id": "", "job_title": "", "description": "Blehh", "url": "", "city": "", "state": ""}}, {"model": "jobs.position", "pk": 16, "fields": {"company": 2, "experience": 1, "board": 1, "created_on": "2017-07-05T01:02:32.059Z", "indeed_id": "", "job_title": "", "description": "Bleh", "url": "", "city": "", "state": ""}}, {"model": "jobs.position", "pk": 17, "fields": {"company": 2, "experience": 2, "board": 1, "created_on": "2017-07-05T01:04:07.216Z", "indeed_id": "", "job_title": "", "description": "Blehbleh", "url": "", "city": "", "state": ""}}, {"model": "jobs.position", "pk": 18, "fields": {"company": 1, "experience": 3, "board": 1, "created_on": "2017-07-05T01:08:10.291Z", "indeed_id": "", "job_title": "", "description": "Baaaa", "url": "", "city": "", "state": ""}}, {"model": "jobs.position", "pk": 19, "fields": {"company": 1, "experience": 2, "board": 1, "created_on": "2017-07-05T01:09:59.073Z", "indeed_id": "", "job_title": "", "description": "Shingy", "url": "", "city": "", "state": ""}}, {"model": "jobs.position", "pk": 20, "fields": {"company": 1, "experience": 1, "board": 1, "created_on": "2017-07-05T01:12:11.818Z", "indeed_id": "", "job_title": "", "description": "Bahh", "url": "", "city": "", "state": ""}}, {"model": "jobs.position", "pk": 21, "fields": {"company": 1, "experience": 2, "board": 1, "created_on": "2017-07-05T19:38:33.420Z", "indeed_id": "", "job_title": "", "description": "Bleh", "url": "", "city": "", "state": ""}}, {"model": "jobs.position", "pk": 22, "fields": {"company": 2, "experience": 2, "board": 1, "created_on": "2017-07-05T19:43:52.397Z", "indeed_id": "", "job_title": "", "description": "Biiiii", "url": "", "city": "", "state": ""}}, {"model": "jobs.position", "pk": 23, "fields": {"company": 2, "experience": 2, "board": 1, "created_on": "2017-07-05T19:44:21.692Z", "indeed_id": "", "job_title": "", "description": "Biiiii", "url": "", "city": "", "state": ""}}, {"model": "jobs.position", "pk": 24, "fields": {"company": 1, "experience": 2, "board": 1, "created_on": "2017-07-05T19:52:12.501Z", "indeed_id": "", "job_title": "", "description": "fffff", "url": "", "city": "", "state": ""}}, {"model": "jobs.position", "pk": 25, "fields": {"company": 1, "experience": 1, "board": 1, "created_on": "2017-07-05T19:52:52.265Z", "indeed_id": "", "job_title": "", "description": "ddddd", "url": "", "city": "", "state": ""}}, {"model": "jobs.position", "pk": 26, "fields": {"company": 1, "experience": 1, "board": 1, "created_on": "2017-09-02T16:49:58.115Z", "indeed_id": "9c37aaf861b97b52", "job_title": "", "description": "", "url": "", "city": "", "state": ""}}, {"model": "jobs.position", "pk": 27, "fields": {"company": 1, "experience": 1, "board": 1, "created_on": "2017-09-02T17:12:17.160Z", "indeed_id": "9c37aaf861b97b52", "job_title": "", "description": "", "url": "", "city": "", "state": ""}}, {"model": "jobs.position", "pk": 28, "fields": {"company": 1, "experience": 1, "board": 1, "created_on": "2017-09-02T17:28:07.812Z", "indeed_id": "9c37aaf861b97b52", "job_title": "", "description": "", "url": "", "city": "", "state": ""}}, {"model": "jobs.position", "pk": 29, "fields": {"company": 1, "experience": 1, "board": 1, "created_on": "2017-09-02T17:36:39.292Z", "indeed_id": "9c37aaf861b97b52", "job_title": "", "description": "", "url": "", "city": "", "state": ""}}, {"model": "jobs.position", "pk": 30, "fields": {"company": 1, "experience": 2, "board": 1, "created_on": "2017-09-22T21:35:39.436Z", "indeed_id": "Blesh", "job_title": "", "description": "", "url": "", "city": "", "state": ""}}, {"model": "jobs.position", "pk": 31, "fields": {"company": 1, "experience": 2, "board": 1, "created_on": "2017-09-22T21:38:39.684Z", "indeed_id": "Blesh", "job_title": "", "description": "", "url": "", "city": "", "state": ""}}, {"model": "jobs.comment", "pk": 1, "fields": {"position": 11, "company": "Proper Media", "user_position": "Senior Software Developer", "text": "Lorem ipsum dolor sit amet, consectetur adipiscing elit, sed do eiusmod tempor incididunt ut labore et dolore magna aliqua. Ut enim ad minim veniam, quis nostrud exercitation ullamco laboris nisi ut aliquip ex ea commodo consequat. Duis aute irure dolor in reprehenderit in voluptate velit esse cillum dolore eu fugiat nulla pariatur. Excepteur sint occaecat cupidatat non proident, sunt in culpa qui officia deserunt mollit anim id est laborum.", "picture_url": "https://media.licdn.com/mpr/mpr/shrinknp_400_400/p/2/000/24b/331/1679dad.jpg"}}, {"model": "jobs.comment", "pk": 2, "fields": {"position": 9, "company": "Proper Media", "user_position": "Program Manager", "text": "This is a test", "picture_url": null}}, {"model": "jobs.comment", "pk": 3, "fields": {"position": 1, "company": "AppNexus", "user_position": "Boo bar", "text": "Tist", "picture_url": "http://www.google.com"}}, {"model": "auth.permission", "pk": 1, "fields": {"name": "Can add log entry", "content_type": 1, "codename": "add_logentry"}}, {"model": "auth.permission", "pk": 2, "fields": {"name": "Can change log entry", "content_type": 1, "codename": "change_logentry"}}, {"model": "auth.permission", "pk": 3, "fields": {"name": "Can delete log entry", "content_type": 1, "codename": "delete_logentry"}}, {"model": "auth.permission", "pk": 4, "fields": {"name": "Can add permission", "content_type": 2, "codename": "add_permission"}}, {"model": "auth.permission", "pk": 5, "fields": {"name": "Can change permission", "content_type": 2, "codename": "change_permission"}}, {"model": "auth.permission", "pk": 6, "fields": {"name": "Can delete permission", "content_type": 2, "codename": "delete_permission"}}, {"model": "auth.permission", "pk": 7, "fields": {"name": "Can add user", "content_type": 3, "codename": "add_user"}}, {"model": "auth.permission", "pk": 8, "fields": {"name": "Can change user", "content_type": 3, "codename": "change_user"}}, {"model": "auth.permission", "pk": 9, "fields": {"name": "Can delete user", "content_type": 3, "codename": "delete_user"}}, {"model": "auth.permission", "pk": 10, "fields": {"name": "Can add group", "content_type": 4, "codename": "add_group"}}, {"model": "auth.permission", "pk": 11, "fields": {"name": "Can change group", "content_type": 4, "codename": "change_group"}}, {"model": "auth.permission", "pk": 12, "fields": {"name": "Can delete group", "content_type": 4, "codename": "delete_group"}}, {"model": "auth.permission", "pk": 13, "fields": {"name": "Can add content type", "content_type": 5, "codename": "add_contenttype"}}, {"model": "auth.permission", "pk": 14, "fields": {"name": "Can change content type", "content_type": 5, "codename": "change_contenttype"}}, {"model": "auth.permission", "pk": 15, "fields": {"name": "Can delete content type", "content_type": 5, "codename": "delete_contenttype"}}, {"model": "auth.permission", "pk": 16, "fields": {"name": "Can add session", "content_type": 6, "codename": "add_session"}}, {"model": "auth.permission", "pk": 17, "fields": {"name": "Can change session", "content_type": 6, "codename": "change_session"}}, {"model": "auth.permission", "pk": 18, "fields": {"name": "Can delete session", "content_type": 6, "codename": "delete_session"}}, {"model": "auth.permission", "pk": 19, "fields": {"name": "Can add nonce", "content_type": 7, "codename": "add_nonce"}}, {"model": "auth.permission", "pk": 20, "fields": {"name": "Can change nonce", "content_type": 7, "codename": "change_nonce"}}, {"model": "auth.permission", "pk": 21, "fields": {"name": "Can delete nonce", "content_type": 7, "codename": "delete_nonce"}}, {"model": "auth.permission", "pk": 22, "fields": {"name": "Can add code", "content_type": 8, "codename": "add_code"}}, {"model": "auth.permission", "pk": 23, "fields": {"name": "Can change code", "content_type": 8, "codename": "change_code"}}, {"model": "auth.permission", "pk": 24, "fields": {"name": "Can delete code", "content_type": 8, "codename": "delete_code"}}, {"model": "auth.permission", "pk": 25, "fields": {"name": "Can add user social auth", "content_type": 9, "codename": "add_usersocialauth"}}, {"model": "auth.permission", "pk": 26, "fields": {"name": "Can change user social auth", "content_type": 9, "codename": "change_usersocialauth"}}, {"model": "auth.permission", "pk": 27, "fields": {"name": "Can delete user social auth", "content_type": 9, "codename": "delete_usersocialauth"}}, {"model": "auth.permission", "pk": 28, "fields": {"name": "Can add association", "content_type": 10, "codename": "add_association"}}, {"model": "auth.permission", "pk": 29, "fields": {"name": "Can change association", "content_type": 10, "codename": "change_association"}}, {"model": "auth.permission", "pk": 30, "fields": {"name": "Can delete association", "content_type": 10, "codename": "delete_association"}}, {"model": "auth.permission", "pk": 31, "fields": {"name": "Can add partial", "content_type": 11, "codename": "add_partial"}}, {"model": "auth.permission", "pk": 32, "fields": {"name": "Can change partial", "content_type": 11, "codename": "change_partial"}}, {"model": "auth.permission", "pk": 33, "fields": {"name": "Can delete partial", "content_type": 11, "codename": "delete_partial"}}, {"model": "auth.permission", "pk": 34, "fields": {"name": "Can add company", "content_type": 12, "codename": "add_company"}}, {"model": "auth.permission", "pk": 35, "fields": {"name": "Can change company", "content_type": 12, "codename": "change_company"}}, {"model": "auth.permission", "pk": 36, "fields": {"name": "Can delete company", "content_type": 12, "codename": "delete_company"}}, {"model": "auth.permission", "pk": 43, "fields": {"name": "Can add position", "content_type": 15, "codename": "add_position"}}, {"model": "auth.permission", "pk": 44, "fields": {"name": "Can change position", "content_type": 15, "codename": "change_position"}}, {"model": "auth.permission", "pk": 45, "fields": {"name": "Can delete position", "content_type": 15, "codename": "delete_position"}}, {"model": "auth.permission", "pk": 46, "fields": {"name": "Can add comment", "content_type": 16, "codename": "add_comment"}}, {"model": "auth.permission", "pk": 47, "fields": {"name": "Can change comment", "content_type": 16, "codename": "change_comment"}}, {"model": "auth.permission", "pk": 48, "fields": {"name": "Can delete comment", "content_type": 16, "codename": "delete_comment"}}, {"model": "auth.permission", "pk": 49, "fields": {"name": "Can add experience", "content_type": 17, "codename": "add_experience"}}, {"model": "auth.permission", "pk": 50, "fields": {"name": "Can change experience", "content_type": 17, "codename": "change_experience"}}, {"model": "auth.permission", "pk": 51, "fields": {"name": "Can delete experience", "content_type": 17, "codename": "delete_experience"}}, {"model": "auth.permission", "pk": 52, "fields": {"name": "Can add board", "content_type": 18, "codename": "add_board"}}, {"model": "auth.permission", "pk": 53, "fields": {"name": "Can change board", "content_type": 18, "codename": "change_board"}}, {"model": "auth.permission", "pk": 54, "fields": {"name": "Can delete board", "content_type": 18, "codename": "delete_board"}}, {"model": "auth.permission", "pk": 55, "fields": {"name": "Can add account", "content_type": 19, "codename": "add_account"}}, {"model": "auth.permission", "pk": 56, "fields": {"name": "Can change account", "content_type": 19, "codename": "change_account"}}, {"model": "auth.permission", "pk": 57, "fields": {"name": "Can delete account", "content_type": 19, "codename": "delete_account"}}, {"model": "auth.permission", "pk": 58, "fields": {"name": "Can add comment_ user", "content_type": 20, "codename": "add_comment_user"}}, {"model": "auth.permission", "pk": 59, "fields": {"name": "Can change comment_ user", "content_type": 20, "codename": "change_comment_user"}}, {"model": "auth.permission", "pk": 60, "fields": {"name": "Can delete comment_ user", "content_type": 20, "codename": "delete_comment_user"}}, {"model": "auth.permission", "pk": 61, "fields": {"name": "Can add saved jobs", "content_type": 21, "codename": "add_savedjobs"}}, {"model": "auth.permission", "pk": 62, "fields": {"name": "Can change saved jobs", "content_type": 21, "codename": "change_savedjobs"}}, {"model": "auth.permission", "pk": 63, "fields": {"name": "Can delete saved jobs", "content_type": 21, "codename": "delete_savedjobs"}}, {"model": "auth.permission", "pk": 64, "fields": {"name": "Can add application", "content_type": 22, "codename": "add_application"}}, {"model": "auth.permission", "pk": 65, "fields": {"name": "Can change application", "content_type": 22, "codename": "change_application"}}, {"model": "auth.permission", "pk": 66, "fields": {"name": "Can delete application", "content_type": 22, "codename": "delete_application"}}, {"model": "auth.user", "pk": 1, "fields": {"password": "!2oziSim9hGD6Cu8EjvUqkzPFOoff3En7c9Vrziq9", "last_login": "2017-07-05T00:54:39.609Z", "is_superuser": false, "username": "AndrewDoherty", "first_name": "Andrew", "last_name": "Doherty", "email": "", "is_staff": false, "is_active": true, "date_joined": "2017-05-21T01:30:12.734Z", "groups": [], "user_permissions": []}}, {"model": "auth.user", "pk": 2, "fields": {"password": "pbkdf2_sha256$30000$xawtWY1bxaJ0$9JgYQJ6RsNXdPc+HeUIUxI0yJ8fYbc58UJ0nrr++wNo=", "last_login": "2017-05-31T16:00:18.585Z", "is_superuser": true, "username": "admin", "first_name": "", "last_name": "", "email": "andrew@inroad.co", "is_staff": true, "is_active": true, "date_joined": "2017-05-31T15:59:47.473Z", "groups": [], "user_permissions": []}}, {"model": "auth.user", "pk": 3, "fields": {"password": "pbkdf2_sha256$30000$qYqRuNeMieyO$FN9oc8bimRXoOctfu31tPs/ahK6u+PNxQhCnGhVZwHY=", "last_login": "2017-06-18T23:58:10.592Z", "is_superuser": true, "username": "alenehan", "first_name": "", "last_name": "", "email": "andrew@inroad.co", "is_staff": true, "is_active": true, "date_joined": "2017-06-18T23:58:04.466Z", "groups": [], "user_permissions": []}}, {"model": "auth.user", "pk": 4, "fields": {"password": "pbkdf2_sha256$30000$RKCLevTkyiU9$y/H5jgYNufoAjNKidNt5KdWe1OhfyfW4+g1EiNQHi60=", "last_login": "2017-08-08T00:35:17.131Z", "is_superuser": true, "username": "alenehan1", "first_name": "", "last_name": "", "email": "andrew@inroad.co", "is_staff": true, "is_active": true, "date_joined": "2017-07-05T00:58:56.216Z", "groups": [], "user_permissions": []}}, {"model": "auth.user", "pk": 5, "fields": {"password": "pbkdf2_sha256$36000$bBaNBY4sCj9D$AJThuRIrQTIBj8G6Us+BqEeW0m1OmCQcPXNu1NPA8eY=", "last_login": "2017-09-18T19:18:53.330Z", "is_superuser": true, "username": "adlenehan", "first_name": "Andrew", "last_name": "Lenehan", "email": "andrew.lenehan@gmail.com", "is_staff": true, "is_active": true, "date_joined": "2017-08-26T04:02:49.344Z", "groups": [], "user_permissions": []}}, {"model": "jobs.board", "pk": 1, "fields": {"author": 1, "slug": "NY-tech", "title": "Tech Jobs for Non-Technologists", "description": "Here are jobs at tech companies that don't require technical expertise."}}, {"model": "jobs.savedjobs", "pk": 4, "fields": {"user": 5, "position": 11, "active": true, "applied": false, "deleted": false}}, {"model": "jobs.savedjobs", "pk": 5, "fields": {"user": 5, "position": 26, "active": true, "applied": false, "deleted": false}}, {"model": "jobs.savedjobs", "pk": 6, "fields": {"user": 5, "position": 9, "active": true, "applied": true, "deleted": false}}, {"model": "jobs.savedjobs", "pk": 7, "fields": {"user": 5, "position": 27, "active": true, "applied": false, "deleted": false}}, {"model": "jobs.savedjobs", "pk": 8, "fields": {"user": 5, "position": 18, "active": true, "applied": false, "deleted": false}}, {"model": "jobs.savedjobs", "pk": 9, "fields": {"user": 5, "position": 29, "active": true, "applied": false, "deleted": false}}, {"model": "jobs.savedjobs", "pk": 10, "fields": {"user": 5, "position": 28, "active": true, "applied": true, "deleted": false}}, {"model": "jobs.application", "pk": 1, "fields": {"user": 5, "position": 26, "question1": "Test", "question2": "Test", "checked": false, "fit": 0}}, {"model": "jobs.application", "pk": 2, "fields": {"user": 5, "position": 28, "question1": "A", "question2": "B", "checked": false, "fit": 0}}, {"model": "jobs.application", "pk": 3, "fields": {"user": 5, "position": 9, "question1": "A", "question2": "B", "checked": false, "fit": 0}}, {"model": "jobs.application", "pk": 4, "fields": {"user": 5, "position": 28, "question1": "AAA", "question2": "BBB", "checked": false, "fit": 0}}, {"model": "jobs.application", "pk": 5, "fields": {"user": 5, "position": 28, "question1": "AAA", "question2": "BBB", "checked": false, "fit": 0}}, {"model": "jobs.application", "pk": 6, "fields": {"user": 5, "position": 28, "question1": "AAA", "question2": "BBB", "checked": false, "fit": 0}}, {"model": "jobs.application", "pk": 7, "fields": {"user": 5, "position": 28, "question1": "AAA", "question2": "BBB", "checked": false, "fit": 0}}, {"model": "jobs.application", "pk": 8, "fields": {"user": 5, "position": 28, "question1": "AAA", "question2": "BBB", "checked": false, "fit": 0}}, {"model": "jobs.application", "pk": 9, "fields": {"user": 5, "position": 28, "question1": "AAA", "question2": "BBB", "checked": false, "fit": 0}}, {"model": "jobs.application", "pk": 10, "fields": {"user": 5, "position": 28, "question1": "AAA", "question2": "BBB", "checked": false, "fit": 0}}, {"model": "jobs.application", "pk": 11, "fields": {"user": 5, "position": 28, "question1": "AAA", "question2": "BBB", "checked": false, "fit": 0}}, {"model": "jobs.application", "pk": 12, "fields": {"user": 5, "position": 28, "question1": "AAA", "question2": "BBB", "checked": false, "fit": 0}}, {"model": "social_django.usersocialauth", "pk": 1, "fields": {"user": 1, "provider": "facebook", "uid": "10102781570048127", "extra_data": "{\"granted_scopes\": [\"email\", \"publish_actions\", \"public_profile\"], \"access_token\": \"EAAB8solVhZBgBAHCeUZCW521DZBgCQKWLnqmd3ZAbB1xBzvmfNGvKOHgrE3JOd9RTnO4I1pmgtCnZCJv0JJ06wIvjQvn109pDSuI3nX1pRlpvxeaQZC6vl11h1VOlMYD3dTnkUqRZADxRtWf28ixCfZAxzO9noGwLyEN4XVyKuI0TAZDZD\", \"expires\": null, \"denied_scopes\": null, \"token_type\": null, \"auth_time\": 1499216224, \"id\": \"10102781570048127\"}"}}, {"model": "social_django.usersocialauth", "pk": 6, "fields": {"user": 5, "provider": "linkedin-oauth2", "uid": "3v81QJq_EM", "extra_data": "{\"public_profile_url\": \"https://www.linkedin.com/in/andrewlenehan\", \"first_name\": \"Andrew\", \"last_name\": \"Lenehan\", \"picture_url\": \"https://media.licdn.com/mpr/mprx/0_76YCw4waMgaZy5qd7Gou57JagUxZJkXd_Bk2DSvf4U7JyqLNL6oC_4SaUwqJyzkzLBkG8OamKVOM0hhZ5vUY_2_CzVO40hTv5vUTeDn7ORINz9sddXDfHMZYv7XHnh9k290mf1x-zxT\", \"headline\": \"Building Digital Ad Marketplaces at AppNexus\", \"positions\": {\"_total\": 2, \"values\": [{\"startDate\": {\"month\": 9, \"year\": 2016}, \"title\": \"Senior Program Manager, Global Native Marketplace\", \"company\": {\"industry\": \"Internet\", \"type\": \"Privately Held\", \"id\": 325130, \"name\": \"AppNexus\", \"size\": \"1001-5000\"}, \"location\": {\"country\": {\"code\": \"us\", \"name\": \"United States\"}, \"name\": \"Greater New York City Area\"}, \"isCurrent\": true, \"id\": 957742344}, {\"startDate\": {\"month\": 7, \"year\": 2015}, \"title\": \"Manager, Publisher Consulting Services - North America\", \"company\": {\"industry\": \"Internet\", \"type\": \"Privately Held\", \"id\": 325130, \"name\": \"AppNexus\", \"size\": \"1001-5000\"}, \"location\": {\"country\": {\"code\": \"us\", \"name\": \"United States\"}, \"name\": \"Greater New York City Area\"}, \"isCurrent\": true, \"id\": 690255831}]}, \"industry\": \"Online Publishing\", \"expires\": 5183999, \"educations\": null, \"token_type\": null, \"access_token\": \"AQXb-_8gME3R3j64tS-7x6XnODMRRkcWqLJw0N0tiQaua5jyT9yt2VPIpOFwgL51OKFh9MT0o9sHqOGK57GhtTfAtCqdQrXau8EMnJItEuOGetwTyZF9uaCYdjW9hwTaRlKBCRPwlqUfosxqgCQ10CrdlsV_wUl7VbFnPjWMAnrToIMZiNE\", \"auth_time\": 1505762333, \"summary\": null, \"email_address\": \"andrew.lenehan@gmail.com\", \"id\": \"3v81QJq_EM\"}"}}, {"model": "admin.logentry", "pk": 1, "fields": {"action_time": "2017-05-31T20:36:01.481Z", "user": 2, "content_type": 17, "object_id": "1", "object_repr": "Entry Level", "action_flag": 1, "change_message": "[{\"added\": {}}]"}}, {"model": "admin.logentry", "pk": 2, "fields": {"action_time": "2017-05-31T20:36:12.229Z", "user": 2, "content_type": 17, "object_id": "2", "object_repr": "1-4 Years", "action_flag": 1, "change_message": "[{\"added\": {}}]"}}, {"model": "admin.logentry", "pk": 3, "fields": {"action_time": "2017-05-31T20:36:32.969Z", "user": 2, "content_type": 17, "object_id": "3", "object_repr": "5-8 Years", "action_flag": 1, "change_message": "[{\"added\": {}}]"}}, {"model": "admin.logentry", "pk": 4, "fields": {"action_time": "2017-06-02T01:11:31.697Z", "user": 2, "content_type": 12, "object_id": "1", "object_repr": "AppNexus", "action_flag": 1, "change_message": "[{\"added\": {}}]"}}, {"model": "admin.logentry", "pk": 5, "fields": {"action_time": "2017-06-02T01:16:44.218Z", "user": 2, "content_type": 12, "object_id": "2", "object_repr": "Facebook", "action_flag": 1, "change_message": "[{\"added\": {}}]"}}, {"model": "admin.logentry", "pk": 6, "fields": {"action_time": "2017-06-02T03:29:22.604Z", "user": 2, "content_type": 15, "object_id": "1", "object_repr": "Position object", "action_flag": 2, "change_message": "[{\"changed\": {\"fields\": [\"indeed\", \"indeed_id\"]}}]"}}, {"model": "admin.logentry", "pk": 7, "fields": {"action_time": "2017-06-02T04:08:51.153Z", "user": 2, "content_type": 15, "object_id": "8", "object_repr": "Position object", "action_flag": 2, "change_message": "[{\"changed\": {\"fields\": [\"indeed_id\", \"job_title\", \"description\", \"url\", \"city\", \"state\"]}}]"}}, {"model": "admin.logentry", "pk": 8, "fields": {"action_time": "2017-06-02T04:20:14.086Z", "user": 2, "content_type": 15, "object_id": "8", "object_repr": "Position object", "action_flag": 3, "change_message": ""}}, {"model": "admin.logentry", "pk": 9, "fields": {"action_time": "2017-06-02T04:20:14.088Z", "user": 2, "content_type": 15, "object_id": "7", "object_repr": "Position object", "action_flag": 3, "change_message": ""}}, {"model": "admin.logentry", "pk": 10, "fields": {"action_time": "2017-06-02T04:20:14.090Z", "user": 2, "content_type": 15, "object_id": "6", "object_repr": "Position object", "action_flag": 3, "change_message": ""}}, {"model": "admin.logentry", "pk": 11, "fields": {"action_time": "2017-06-02T04:20:14.092Z", "user": 2, "content_type": 15, "object_id": "5", "object_repr": "Position object", "action_flag": 3, "change_message": ""}}, {"model": "admin.logentry", "pk": 12, "fields": {"action_time": "2017-06-02T04:20:14.094Z", "user": 2, "content_type": 15, "object_id": "4", "object_repr": "Position object", "action_flag": 3, "change_message": ""}}, {"model": "admin.logentry", "pk": 13, "fields": {"action_time": "2017-06-02T04:20:14.095Z", "user": 2, "content_type": 15, "object_id": "3", "object_repr": "Position object", "action_flag": 3, "change_message": ""}}, {"model": "admin.logentry", "pk": 14, "fields": {"action_time": "2017-06-02T04:20:14.096Z", "user": 2, "content_type": 15, "object_id": "2", "object_repr": "Position object", "action_flag": 3, "change_message": ""}}, {"model": "admin.logentry", "pk": 15, "fields": {"action_time": "2017-06-02T04:20:14.099Z", "user": 2, "content_type": 15, "object_id": "1", "object_repr": "Position object", "action_flag": 3, "change_message": ""}}, {"model": "admin.logentry", "pk": 16, "fields": {"action_time": "2017-06-20T02:54:50.497Z", "user": 3, "content_type": 15, "object_id": "11", "object_repr": "Growth Product Marketing Manager", "action_flag": 1, "change_message": "[{\"added\": {}}]"}}, {"model": "admin.logentry", "pk": 17, "fields": {"action_time": "2017-06-20T02:57:15.598Z", "user": 3, "content_type": 15, "object_id": "10", "object_repr": "Test No Indeed", "action_flag": 2, "change_message": "[{\"changed\": {\"fields\": [\"job_title\"]}}]"}}, {"model": "admin.logentry", "pk": 18, "fields": {"action_time": "2017-06-20T02:57:26.286Z", "user": 3, "content_type": 15, "object_id": "9", "object_repr": "Test Indeed", "action_flag": 2, "change_message": "[{\"changed\": {\"fields\": [\"job_title\"]}}]"}}, {"model": "admin.logentry", "pk": 19, "fields": {"action_time": "2017-06-28T15:19:10.636Z", "user": 3, "content_type": 12, "object_id": "2", "object_repr": "Facebook", "action_flag": 2, "change_message": "[{\"changed\": {\"fields\": [\"logo\"]}}]"}}, {"model": "admin.logentry", "pk": 20, "fields": {"action_time": "2017-06-28T15:20:34.224Z", "user": 3, "content_type": 12, "object_id": "1", "object_repr": "AppNexus", "action_flag": 2, "change_message": "[{\"changed\": {\"fields\": [\"logo\"]}}]"}}, {"model": "admin.logentry", "pk": 21, "fields": {"action_time": "2017-07-05T00:59:22.859Z", "user": 4, "content_type": 15, "object_id": "12", "object_repr": "", "action_flag": 3, "change_message": ""}}, {"model": "admin.logentry", "pk": 22, "fields": {"action_time": "2017-07-09T22:43:38.490Z", "user": 4, "content_type": 16, "object_id": "1", "object_repr": "bingbingbg", "action_flag": 2, "change_message": "[{\"changed\": {\"fields\": [\"position\"]}}]"}}, {"model": "admin.logentry", "pk": 23, "fields": {"action_time": "2017-07-09T22:46:06.345Z", "user": 4, "content_type": 16, "object_id": "1", "object_repr": "Test this is a comment", "action_flag": 2, "change_message": "[{\"changed\": {\"fields\": [\"author\", \"text\", \"approved_comment\"]}}]"}}, {"model": "admin.logentry", "pk": 24, "fields": {"action_time": "2017-08-08T00:37:16.002Z", "user": 4, "content_type": 18, "object_id": "1", "object_repr": "Tech Jobs for Non-Technologists", "action_flag": 1, "change_message": "[{\"added\": {}}]"}}, {"model": "admin.logentry", "pk": 25, "fields": {"action_time": "2017-08-27T21:05:21.889Z", "user": 5, "content_type": 9, "object_id": "2", "object_repr": "adlenehan", "action_flag": 3, "change_message": ""}}, {"model": "admin.logentry", "pk": 26, "fields": {"action_time": "2017-09-06T23:17:41.178Z", "user": 5, "content_type": 16, "object_id": "1", "object_repr": "Test this is a comment", "action_flag": 2, "change_message": "[{\"changed\": {\"fields\": [\"position\", \"company\"]}}]"}}, {"model": "admin.logentry", "pk": 27, "fields": {"action_time": "2017-09-08T00:52:15.789Z", "user": 5, "content_type": 16, "object_id": "1", "object_repr": "Comment object", "action_flag": 2, "change_message": "[{\"changed\": {\"fields\": [\"picture_url\"]}}]"}}, {"model": "admin.logentry", "pk": 28, "fields": {"action_time": "2017-09-08T01:41:12.051Z", "user": 5, "content_type": 16, "object_id": "1", "object_repr": "Comment object", "action_flag": 2, "change_message": "[{\"changed\": {\"fields\": [\"user_position\"]}}]"}}, {"model": "admin.logentry", "pk": 29, "fields": {"action_time": "2017-09-08T03:12:34.135Z", "user": 5, "content_type": 16, "object_id": "2", "object_repr": "Comment object", "action_flag": 2, "change_message": "[{\"changed\": {\"fields\": [\"position\", \"company\"]}}]"}}, {"model": "admin.logentry", "pk": 30, "fields": {"action_time": "2017-09-08T03:13:54.132Z", "user": 5, "content_type": 16, "object_id": "1", "object_repr": "Comment object", "action_flag": 2, "change_message": "[{\"changed\": {\"fields\": [\"company\"]}}]"}}, {"model": "admin.logentry", "pk": 31, "fields": {"action_time": "2017-09-08T03:15:51.225Z", "user": 5, "content_type": 16, "object_id": "1", "object_repr": "Comment object", "action_flag": 2, "change_message": "[{\"changed\": {\"fields\": [\"text\"]}}]"}}, {"model": "admin.logentry", "pk": 32, "fields": {"action_time": "2017-09-18T22:36:39.671Z", "user": 5, "content_type": 21, "object_id": "2", "object_repr": "adlenehan - ", "action_flag": 3, "change_message": ""}}, {"model": "admin.logentry", "pk": 33, "fields": {"action_time": "2017-09-18T22:36:39.673Z", "user": 5, "content_type": 21, "object_id": "1", "object_repr": "adlenehan - ", "action_flag": 3, "change_message": ""}}, {"model": "admin.logentry", "pk": 34, "fields": {"action_time": "2017-09-18T23:29:17.199Z", "user": 5, "content_type": 21, "object_id": "3", "object_repr": "adlenehan - Growth Product Marketing Manager", "action_flag": 3, "change_message": ""}}]